,China,France,Germany,Iran,Italy,Spain,Switzerland,Turkey,United Kingdom,United States,Brazil,South Korea
15,1.3895414194693904e-09,0.0,0.0,1.27391639629577e-06,0.0,0.0,4.621809997853169e-07,1.2805453491677825e-06,0.0,0.0,0.0,0.0
16,1.3895414194693904e-09,0.0,0.0,1.476314328417528e-06,0.0,0.0,4.621809997853169e-07,1.5532540809349953e-06,0.0,0.0,0.0,0.0
17,1.3895414194693904e-09,0.0,0.0,1.7263353033914643e-06,0.0,0.0,8.088167496243047e-07,1.991959432038773e-06,0.0,0.0,0.0,0.0
18,1.3895414194693904e-09,0.0,0.0,2.3097175783306487e-06,0.0,0.0,1.2709977494096215e-06,2.5373768955731984e-06,0.0,0.0,4.704567088817978e-09,0.0
19,2.0843121292040856e-09,0.0,0.0,2.821665288991566e-06,0.0,0.0,1.50208824930228e-06,3.2843616825877383e-06,0.0,0.0,1.8818268355271912e-08,0.0
