,Belgium,France,Germany,Italy,Netherlands,Portugal,Spain,Sweden,Switzerland,United States,Brazil,South Korea
15,0.0,0.0,0.0,0.0,2.918025712825534e-07,9.807087719594178e-08,0.0,0.0,4.621809997853169e-07,0.0,0.0,0.0
16,0.0,0.0,0.0,0.0,7.003261710781283e-07,1.9614175439188357e-07,0.0,0.0,4.621809997853169e-07,0.0,0.0,0.0
17,0.0,0.0,0.0,0.0,1.1672102851302137e-06,2.9421263158782535e-07,0.0,0.0,8.088167496243047e-07,0.0,0.0,0.0
18,0.0,0.0,0.0,0.0,1.4006523421562565e-06,5.884252631756507e-07,0.0,0.0,1.2709977494096215e-06,0.0,4.704567088817978e-09,0.0
19,0.0,0.0,0.0,0.0,2.5095021130299594e-06,1.1768505263513014e-06,0.0,0.0,1.50208824930228e-06,0.0,1.8818268355271912e-08,0.0
