,China,France,Germany,Italy,Spain,United States,Brazil,South Korea
15,1.3895414194693904e-09,0.0,0.0,0.0,0.0,0.0,0.0,0.0
16,1.3895414194693904e-09,0.0,0.0,0.0,0.0,0.0,0.0,0.0
17,1.3895414194693904e-09,0.0,0.0,0.0,0.0,0.0,0.0,0.0
18,1.3895414194693904e-09,0.0,0.0,0.0,0.0,0.0,4.704567088817978e-09,0.0
19,2.0843121292040856e-09,0.0,0.0,0.0,0.0,0.0,1.8818268355271912e-08,0.0
